Casa Espaçosa para Alugar, R$ 3.500
Aluga se Casa na Quadra 1 Conjunto B Setor Norte, R$ 3.215
Locação casa de 3qts no Jardins Mangueiral, R$ 3.700
Casa p/locação na rua 03 - Formosa GO, Setor Primavera, R$ 3.000
CASA 3 QUARTOS COM SUÍTE PARA LOCAÇÃO - CANDANGOLÂNDIA, R$ 3.500
Aluguel Casa, R$ 3.800
CASA 3 QUARTOS ALUGUEL QE 13 SOZINHA NO LOTE, R$ 3.492
Casa 3 quartos para Locação Itapoã I, Brasília, R$ 3.500
Casa de 3 Quartos para locação condomínio Entre Lagos, R$ 4.000
Casa para aluguel no Jardim Botânico: natureza e tranquilidade esperam por você!, R$ 4.000
Aluguel de Casa 3 Quartos 1 Escritório - Água, Luz, Cond e IPTU Incluso no Valor, R$ 4.000
Casa de 3 Quartos, 1 Suite 2 Vagas de garagem para alugar no Condomínio Passeio das Águas, R$ 4.000
Casa com 3 dormitórios para alugar por R$ 3.500,00/mês - Setor Residencial Oeste - São Seb, R$ 3.500
Casa/Parte Superior de Sobrado com 3 Quartos e Vaga de Garagem para Locação, no Guará! Age, R$ 3.800
CASA AMPLA REFORMADA | 3 Qts (1 Suíte) | Garagem 4 Carros | Excelente Acabamento, R$ 3.500
